{
    "diversity": [
        1.0,
        1.0,
        1.0,
        1.0,
        1.0,
        1.0,
        1.0,
        1.0,
        0.8,
        1.0,
        1.0,
        1.0,
        1.0,
        1.0,
        0.8,
        1.0,
        1.0,
        1.0,
        1.0,
        1.0
    ],
    "novelty": [
        1.0,
        1.0,
        1.0,
        1.0,
        1.0,
        1.0,
        1.0,
        1.0,
        1.0,
        1.0,
        1.0,
        1.0,
        1.0,
        1.0,
        1.0,
        1.0,
        1.0,
        1.0,
        1.0,
        1.0
    ],
    "serendipity": [
        0.0,
        0.0,
        0.0,
        0.0,
        0.0,
        0.0,
        0.0,
        0.0,
        0.4,
        0.0,
        0.0,
        0.0,
        0.0,
        0.0,
        0.0,
        0.0,
        0.0,
        0.2,
        0.0,
        0.0
    ],
    "avg_diversity": 0.9800000000000001,
    "std_diversity": 0.05999999999999999,
    "avg_novelty": 1.0,
    "std_novelty": 0.0,
    "avg_serendipity": 0.030000000000000006,
    "std_serendipity": 0.09539392014169458
}